[
  {
    "id": "mode-1",
    "name": "Tactical Operations",
    "description": "Strategic 5v5 objective-based gameplay with limited respawns and tactical planning phases.",
    "image": "/images/modes/tactical.jpg",
    "players": "5v5",
    "difficulty": "Expert",
    "category": "competitive",
    "isPopular": true,
    "mapCount": 8,
    "matchDuration": "30-45 min",
    "objectiveType": "Plant/Defuse"
  },
  {
    "id": "domination",
    "name": "DOMINATION",
    "description": "Capture and hold strategic points to accumulate score for your team.",
    "image": "/images/game-modes/domination.jpg",
    "players": "6v6",
    "difficulty": "Medium",
    "mapCount": 5,
    "matchDuration": "~15 min",
    "objectiveType": "Territory Control",
    "category": "competitive"
  },
  {
    "id": "ranked-match",
    "name": "RANKED MATCH",
    "description": "Compete in ranked competitive play to climb the global leaderboards.",
    "image": "/images/game-modes/ffa.jpg",
    "players": "5v5",
    "difficulty": "Expert",
    "isNew": true,
    "mapCount": 7,
    "matchDuration": "~30 min",
    "objectiveType": "Ranked Play",
    "category": "competitive"
  },
  {
    "id": "team-deathmatch",
    "name": "TEAM DEATHMATCH",
    "description": "Classic team vs team combat with unlimited respawns. Highest score wins.",
    "image": "/images/game-modes/team-deathmatch.jpg",
    "players": "6v6",
    "difficulty": "Easy",
    "mapCount": 9,
    "matchDuration": "~15 min",
    "objectiveType": "Elimination",
    "category": "casual"
  },
  {
    "id": "free-for-all",
    "name": "FREE FOR ALL",
    "description": "Every operator for themselves in this high-octane battle.",
    "image": "/images/game-modes/random.jpg",
    "players": "12 Players",
    "difficulty": "Medium",
    "mapCount": 6,
    "matchDuration": "~10 min",
    "objectiveType": "Elimination",
    "category": "casual"
  },
  {
    "id": "gun-game",
    "name": "GUN GAME",
    "description": "Progress through a series of weapons by getting eliminations with each one.",
    "image": "/images/game-modes/low-gravity.jpg",
    "players": "12 Players",
    "difficulty": "Medium",
    "isNew": true,
    "mapCount": 4,
    "matchDuration": "~15 min",
    "objectiveType": "Progression",
    "category": "casual"
  },
  {
    "id": "last-operator",
    "name": "LAST OPERATOR STANDING",
    "description": "One life, no respawns. Eliminate the enemy team to win the round.",
    "image": "/images/game-modes/one-hp.jpg",
    "players": "3v3",
    "difficulty": "Hard",
    "mapCount": 5,
    "matchDuration": "~8 min",
    "objectiveType": "Survival",
    "category": "casual"
  },
  {
    "id": "tactical-realism",
    "name": "TACTICAL REALISM",
    "description": "Hardcore mode with limited HUD, friendly fire, and realistic damage.",
    "image": "/images/game-modes/zombie.jpg",
    "players": "5v5",
    "difficulty": "Expert",
    "creator": "Community",
    "mapCount": 7,
    "matchDuration": "Varies",
    "objectiveType": "Custom",
    "category": "custom"
  },
  {
    "id": "weapon-master",
    "name": "WEAPON MASTER",
    "description": "Prove your skill with every weapon in the game in this community favorite.",
    "image": "/images/game-modes/knife.jpg",
    "players": "8 Players",
    "difficulty": "Medium",
    "creator": "Official",
    "isPopular": true,
    "mapCount": 4,
    "matchDuration": "~12 min",
    "objectiveType": "Skill",
    "category": "custom"
  },
  {
    "id": "mode-custom",
    "name": "Custom Match",
    "description": "Create your own match with custom rules, team size, and objectives.",
    "image": "/images/modes/custom.jpg",
    "players": "Variable",
    "difficulty": "Medium",
    "creator": "Community",
    "matchDuration": "Variable",
    "objectiveType": "Variable",
    "category": "custom"
  },
  {
    "id": "domination",
    "name": "DOMINATION",
    "description": "Capture and hold strategic positions to earn points for your team.",
    "image": "/images/game-modes/domination.jpg",
    "players": "6v6",
    "difficulty": "Medium",
    "isNew": true,
    "mapCount": 6,
    "matchDuration": "~15 min",
    "objectiveType": "Zone Control",
    "category": "competitive"
  },
  {
    "id": "escort",
    "name": "ESCORT",
    "description": "Guide the payload through checkpoints while the enemy team tries to stop you.",
    "image": "/images/game-modes/escort.jpg",
    "players": "5v5",
    "difficulty": "Hard",
    "mapCount": 4,
    "matchDuration": "~20 min",
    "objectiveType": "Objective-based",
    "category": "competitive"
  },
  {
    "id": "last-operator-standing",
    "name": "LAST OPERATOR STANDING",
    "description": "No respawns, limited health, and scarce resources. Be the last one alive.",
    "image": "/images/game-modes/last-operator.jpg",
    "players": "8-player FFA",
    "difficulty": "Expert",
    "isNew": true,
    "mapCount": 5,
    "matchDuration": "~10 min",
    "objectiveType": "Survival",
    "category": "competitive"
  },
  {
    "id": "hardpoint",
    "name": "HARDPOINT",
    "description": "Control the hardpoint to earn points. Locations shift throughout the match.",
    "image": "/images/game-modes/hardpoint.jpg",
    "players": "5v5",
    "difficulty": "Expert",
    "mapCount": 6,
    "matchDuration": "~15 min",
    "objectiveType": "Zone Control",
    "category": "competitive"
  },
  {
    "id": "high-value-target",
    "name": "HIGH VALUE TARGET",
    "description": "One player becomes the VIP with special abilities. Protect or eliminate the VIP.",
    "image": "/images/game-modes/vip.jpg",
    "players": "5v5",
    "difficulty": "Expert",
    "mapCount": 5,
    "matchDuration": "~20 min",
    "objectiveType": "VIP",
    "category": "competitive"
  }
]