{
  "studioName": "Xbakhta",
  "tagline": "TACTICAL SHOOTER",
  "menuItems": [
    {
      "id": "modes",
      "label": "MODES",
      "href": "#game-modes",
      "enabled": true
    },
    {
      "id": "weapons",
      "label": "WEAPONS",
      "href": "#weapons",
      "enabled": true
    },
    {
      "id": "operators",
      "label": "OPERATORS",
      "href": "#characters",
      "enabled": true
    },
    {
      "id": "maps",
      "label": "MAPS",
      "href": "#maps",
      "enabled": true
    },
    {
      "id": "esports",
      "label": "ESPORTS",
      "href": "#esports",
      "enabled": false
    },
    {
      "id": "leaderboard",
      "label": "LEADERBOARD",
      "href": "#leaderboard",
      "enabled": true
    }
  ],
  "downloadButton": {
    "label": "Download",
    "href": "#download"
  },
  "socialLinks": [
    {
      "id": "discord",
      "label": "Discord",
      "icon": "https://cdn-icons-png.flaticon.com/128/3670/3670124.png",
      "href": "#",
      "enabled": true
    },
    {
      "id": "twitter",
      "label": "Twitter",
      "icon": "https://cdn-icons-png.flaticon.com/128/5969/5969020.png",
      "href": "#",
      "enabled": true
    },
    {
      "id": "youtube",
      "label": "YouTube",
      "icon": "https://cdn-icons-png.flaticon.com/128/3670/3670147.png",
      "href": "#",
      "enabled": true
    },
    {
      "id": "instagram",
      "label": "Instagram",
      "icon": "https://cdn-icons-png.flaticon.com/128/3670/3670125.png",
      "href": "#",
      "enabled": true
    },
    {
      "id": "facebook",
      "label": "Facebook",
      "icon": "https://cdn-icons-png.flaticon.com/128/3670/3670127.png",
      "href": "#",
      "enabled": true
    }
  ],
  "supportLinks": [
    {
      "label": "Support",
      "href": "#"
    },
    {
      "label": "Privacy",
      "href": "#"
    },
    {
      "label": "Terms",
      "href": "#"
    }
  ]
}